difference_pct,calculated_price,current_price,product_id,brand,category,model,condition,origin,decade,trend,fit,features,materials,group,base_price,model_coeff,condition_mult,origin_adj,decade_adj,trend_adj,feature_adj,fit_adj,total_adj,difference,status,error_message,user_id
-13.87,63.65,73.90,3267,Ecko Unltd.,jeans,,10,China,2000s,Streetwear,Loose,"Printed,Leather patch,Belt loops,Contrast stitching,Embossed buttons",,jeans,45.00,1.0,1.150,-0.05,0.00,0.05,0.08,0.15,0.23,-10.25,OK,,1
32.85,31.75,23.90,2465,Adidas,joggers,,9,Cambodia,2000s,Sportswear,Relaxed,waistband,Polyester,joggers,28.00,1.0,1.080,-0.08,0.07,0.01,0.00,0.05,0.05,7.85,TOO_LOW,,1
-20.91,16.53,20.90,2759,Nike,pants,,4,,2000s,Sportswear,Loose,,Nylon,pants_natural,28.50,1.0,0.500,0.00,0.00,0.01,0.00,0.15,0.16,-4.37,OK,,1
212.84,34.10,10.90,2210,G-Star Raw,pants,,9,,,Y2k,Slim,,Cotton,pants_natural,38.50,1.0,1.080,0.02,-0.12,0.12,0.00,-0.20,-0.18,23.20,TOO_LOW,,1
12.98,50.73,44.90,2971,G-Star Raw,pants,,9,China,2000s,Streetwear,Baggy,"contrast stitching,zip fly,decorative pockets,button detail",Cotton,pants_natural,38.50,1.0,1.080,-0.03,0.00,0.05,0.00,0.20,0.22,5.83,OK,,1
-47.68,19.83,37.90,2864,Baz 40,jeans,,9,,2000s,Streetwear,Loose,"contrast stitching,embroidered,leather patch",Denim,jeans,18.00,1.0,1.080,-0.18,0.00,0.05,0.00,0.15,0.02,-18.07,TOO_HIGH,,1
-42.97,31.88,55.90,3084,G-Star Raw,jeans,3D Elwood,7,India,2000s,Streetwear,Baggy,"paneled,contrast stitching,decorative pockets,belt loops",Denim,jeans,35.00,1.0,0.920,-0.26,0.00,0.05,0.00,0.20,-0.01,-24.02,TOO_HIGH,,1
-44.83,27.53,49.90,1831,Guess,jeans,,7,,90s,,Baggy,,,jeans,28.50,1.0,0.920,-0.18,0.03,0.00,0.00,0.20,0.05,-22.37,TOO_HIGH,,1
-42.34,28.77,49.90,2742,Hawk,jeans,,9,France,2000s,Skater,Baggy,"embroidered,contrast stitching,fading,belt loops,zip fly",Denim,jeans,18.00,1.0,1.080,0.20,0.00,0.08,0.00,0.20,0.48,-21.13,TOO_HIGH,,1
-26.36,25.70,34.90,2972,Kolapso,jeans,,7,,2000s,Y2k,Baggy,"decorative pockets,zipper detail,embroidered,contrast stitching",Denim,jeans,24.50,1.0,0.920,-0.18,0.00,0.12,0.00,0.20,0.14,-9.20,OK,,1
23.23,39.31,31.90,2342,Lee,jeans,,9,,90s,,Loose,,Denim,jeans,28.00,1.0,1.080,0.00,0.15,0.00,0.00,0.15,0.30,7.41,OK,,1
35.60,28.34,20.90,1456,Lee,jeans,,7,,,,Bootcut,,,jeans,28.00,1.0,0.920,0.00,0.00,0.00,0.00,0.10,0.10,7.44,TOO_LOW,,1
8.27,38.87,35.90,2685,Lee,pants,riders,7,,90s,Workwear,Loose,,Cotton,pants_natural,32.50,1.0,0.920,0.00,0.03,0.12,0.00,0.15,0.30,2.97,OK,,1
42.43,36.89,25.90,1912,Lee,jeans,,9,,,Y2k,Bootcut,,,jeans,28.00,1.0,1.080,0.00,0.00,0.12,0.00,0.10,0.22,10.99,TOO_LOW,,1
54.07,32.20,20.90,3102,Lee,jeans,,7,,90s,Vintage,Relaxed,"leather patch,brass rivets,contrast stitching,belt loops",Denim,jeans,28.00,1.0,0.920,0.00,0.15,0.05,0.00,0.05,0.25,11.30,TOO_LOW,,1
34.73,32.20,23.90,3173,Lee,jeans,Relaxed Straight Leg,7,,90s,Vintage,Relaxed,"leather patch,belt loops",Denim,jeans,28.00,1.0,0.920,0.00,0.15,0.05,0.00,0.05,0.25,8.30,TOO_LOW,,1
94.40,30.91,15.90,3237,Lee,jeans,,7,,90s,Vintage,Straight,"leather patch,brass rivets,contrast stitching,fading",Denim,jeans,28.00,1.0,0.920,0.00,0.15,0.05,0.00,0.00,0.20,15.01,TOO_LOW,,1
11.83,18.90,16.90,3209,Lee,jeans,,4,,90s,Streetwear,Loose,"leather patch,brass rivets,belt loops,contrast stitching",Denim,jeans,28.00,1.0,0.500,0.00,0.15,0.05,0.00,0.15,0.35,2.00,OK,,1
94.40,30.91,15.90,2626,Lee,jeans,,7,,90s,Vintage,Straight,"brass rivets,contrast stitching,belt loops,zip fly,fading,leather patch",Denim,jeans,28.00,1.0,0.920,0.00,0.15,0.05,0.00,0.00,0.20,15.01,TOO_LOW,,1
45.74,36.29,24.90,2948,Lee,jeans,,9,,90s,Vintage,Straight,"leather patch,contrast stitching,belt loops",Denim,jeans,28.00,1.0,1.080,0.00,0.15,0.05,0.00,0.00,0.20,11.39,TOO_LOW,,1
47.05,48.38,32.90,2984,Lee,jeans,,9,Usa,90s,Vintage,Baggy,"leather patch,belt loops,zip fly",Denim,jeans,28.00,1.0,1.080,0.20,0.15,0.05,0.00,0.20,0.60,15.48,TOO_LOW,,1
45.74,36.29,24.90,2945,Lee,jeans,,9,,90s,Vintage,Straight,"brass rivets,contrast stitching,fading,belt loops",Denim,jeans,28.00,1.0,1.080,0.00,0.15,0.05,0.00,0.00,0.20,11.39,TOO_LOW,,1
47.89,30.91,20.90,3137,Lee,jeans,,7,,90s,Vintage,Straight,"leather patch,belt loops,zip fly,brass rivets",Denim,jeans,28.00,1.0,0.920,0.00,0.15,0.05,0.00,0.00,0.20,10.01,TOO_LOW,,1
40.52,37.80,26.90,3140,Lee,jeans,,9,,90s,Vintage,Relaxed,"leather patch,belt loops,zip fly",Denim,jeans,28.00,1.0,1.080,0.00,0.15,0.05,0.00,0.05,0.25,10.90,TOO_LOW,,1
35.48,37.80,27.90,3136,Lee,jeans,,9,,90s,Vintage,Relaxed,"waistband,leather patch,belt loops",Denim,jeans,28.00,1.0,1.080,0.00,0.15,0.05,0.00,0.05,0.25,9.90,TOO_LOW,,1
29.32,32.20,24.90,2808,Lee,jeans,,7,,90s,Vintage,Relaxed,"elastic,leather patch,zip fly,belt loops,contrast stitching",Denim,jeans,28.00,1.0,0.920,0.00,0.15,0.05,0.00,0.05,0.25,7.30,OK,,1
22.60,26.85,21.90,2248,Lee,shirt,,9,Bangladesh,90s,Vintage,Oversized,"button detail,contrast stitching,fading",Denim,shirt_natural,22.00,1.0,1.080,-0.10,0.03,0.05,0.00,0.15,0.13,4.95,OK,,1
62.63,42.12,25.90,3070,Lee,pants,,9,,90s,Workwear,Relaxed,"waistband,belt loops",Cotton,pants_natural,32.50,1.0,1.080,0.00,0.03,0.12,0.00,0.05,0.20,16.22,TOO_LOW,,1
47.03,32.20,21.90,3129,Lee,jeans,,7,,90s,Vintage,Relaxed,"leather patch,waistband",Denim,jeans,28.00,1.0,0.920,0.00,0.15,0.05,0.00,0.05,0.25,10.30,TOO_LOW,,1
41.18,16.80,11.90,2951,Lee,jeans,,4,,90s,Vintage,Straight,"brass rivets,leather patch,fading,belt loops,zip fly",Denim,jeans,28.00,1.0,0.500,0.00,0.15,0.05,0.00,0.00,0.20,4.90,TOO_LOW,,1
63.44,30.89,18.90,2990,Lee,pants,flex motion,9,,,Modern,Straight,"belt loops,waistband",Cotton,pants_natural,32.50,1.0,1.080,0.00,-0.12,0.00,0.00,0.00,-0.12,11.99,TOO_LOW,,1
54.07,32.20,20.90,3246,Lee,jeans,,7,,90s,Vintage,Relaxed,"leather patch,fading,belt loops",Denim,jeans,28.00,1.0,0.920,0.00,0.15,0.05,0.00,0.05,0.25,11.30,TOO_LOW,,1
54.07,32.20,20.90,3122,Lee,jeans,,7,,90s,Vintage,Relaxed,"leather patch,belt loops,brass rivets",Denim,jeans,28.00,1.0,0.920,0.00,0.15,0.05,0.00,0.05,0.25,11.30,TOO_LOW,,1
38.13,39.92,28.90,2543,Lee,jeans,,9,Usa,,Workwear,Regular,,Denim,jeans,28.00,1.0,1.080,0.20,0.00,0.12,0.00,0.00,0.32,11.02,TOO_LOW,,1
73.41,48.38,27.90,3236,Lee,jeans,,9,Usa,90s,Vintage,Baggy,"pleated,contrast stitching,belt loops",Denim,jeans,28.00,1.0,1.080,0.20,0.15,0.05,0.00,0.20,0.60,20.48,TOO_LOW,,1
113.37,36.06,16.90,3187,Lee,jeans,,7,Usa,90s,Vintage,Straight,"contrast stitching,leather patch,belt loops,zip fly",Cotton,jeans,28.00,1.0,0.920,0.20,0.15,0.05,0.00,0.00,0.40,19.16,TOO_LOW,,1
54.07,32.20,20.90,3118,Lee,jeans,side elastic at the waist,7,,90s,Vintage,Relaxed,"waistband,zip fly",Denim,jeans,28.00,1.0,0.920,0.00,0.15,0.05,0.00,0.05,0.25,11.30,TOO_LOW,,1
86.08,14.70,7.90,2925,Lee,jeans,flex motion,4,,,Streetwear,Straight,"belt loops,fading",Denim,jeans,28.00,1.0,0.500,0.00,0.00,0.05,0.00,0.00,0.05,6.80,TOO_LOW,,1
162.90,18.14,6.90,2729,Lee,jeans,,9,,,Modern,Skinny,"belt loops,zip fly,contrast stitching",Denim,jeans,28.00,1.0,1.080,0.00,0.00,0.00,0.00,-0.40,-0.40,11.24,TOO_LOW,,1
5.88,12.60,11.90,2875,Lee,jeans,Easy Fit,4,Egypt,,Modern,Straight,"contrast stitching,belt loops",Cotton,jeans,28.00,1.0,0.500,-0.10,0.00,0.00,0.00,0.00,-0.10,0.70,OK,,1
51.12,27.05,17.90,3154,Lee,jeans,,7,,,Streetwear,Straight,"belt loops,brass rivets,fading",Denim,jeans,28.00,1.0,0.920,0.00,0.00,0.05,0.00,0.00,0.05,9.15,TOO_LOW,,1
69.28,35.38,20.90,2461,Lee,jeans,,9,,2000s,Streetwear,Straight,"belt loops,zip fly,leather patch,fading",Denim,jeans,28.00,1.0,1.080,0.00,0.12,0.05,0.00,0.00,0.17,14.48,TOO_LOW,,1
13.18,27.05,23.90,2839,Lee,jeans,Relaxed Fit Straight Leg,7,,,Modern,Relaxed,"contrast stitching,belt loops",Denim,jeans,28.00,1.0,0.920,0.00,0.00,0.00,0.00,0.05,0.05,3.15,OK,,1
119.49,17.34,7.90,2845,Lee,pants,,7,Bangladesh,,Modern,Slim,"belt loops,waistband",Cotton,pants_natural,32.50,1.0,0.920,-0.10,-0.12,0.00,0.00,-0.20,-0.42,9.44,TOO_LOW,,1
43.91,25.76,17.90,2991,Lee,jeans,,7,,,Modern,Straight,"fading,contrast stitching,belt loops,zip fly",Denim,jeans,28.00,1.0,0.920,0.00,0.00,0.00,0.00,0.00,0.00,7.86,TOO_LOW,,1
39.16,33.26,23.90,2846,Lee,jeans,,9,,,Modern,Bootcut,"contrast stitching,leather patch,belt loops,brass rivets",Denim,jeans,28.00,1.0,1.080,0.00,0.00,0.00,0.00,0.10,0.10,9.36,TOO_LOW,,1
41.01,25.24,17.90,3127,Lee,jeans,Relaxed Fit Straight Leg,7,Mexico,,Modern,Straight,"belt loops,waistband,zip fly",Cotton,jeans,28.00,1.0,0.920,-0.02,0.00,0.00,0.00,0.00,-0.02,7.34,TOO_LOW,,1
65.17,14.70,8.90,3161,Lee,jeans,EXTREME MOTION MVP,4,,,Streetwear,Straight,"contrast stitching,leather patch,belt loops,coin pocket,fading",Denim,jeans,28.00,1.0,0.500,0.00,0.00,0.05,0.00,0.00,0.05,5.80,TOO_LOW,,1
90.53,32.20,16.90,3182,Lee,jeans,,7,Usa,,Vintage,Straight,"leather patch,belt loops,zip fly",Cotton,jeans,28.00,1.0,0.920,0.20,0.00,0.05,0.00,0.00,0.25,15.30,TOO_LOW,,1
25.31,26.19,20.90,2529,Lee,jeans,Chicago,7,Bangladesh,2000s,Vintage,Straight,"contrast stitching,leather patch,fading,copper rivets",Denim,jeans,28.00,0.95,0.920,-0.10,0.12,0.05,0.00,0.00,0.07,5.29,OK,,1
23.64,33.26,26.90,3166,Lee,jeans,,9,,,Vintage,Relaxed,"waistband,belt loops,zip fly,brass rivets,fading",Denim,jeans,28.00,1.0,1.080,0.00,0.00,0.05,0.00,0.05,0.10,6.36,OK,,1
35.93,27.05,19.90,3107,Lee,jeans,,7,,,Vintage,Straight,"leather patch,brass rivets,contrast stitching,belt loops",Denim,jeans,28.00,1.0,0.920,0.00,0.00,0.05,0.00,0.00,0.05,7.15,TOO_LOW,,1
106.86,32.89,15.90,3110,Lee,pants,,7,South korea,,Vintage,Loose,"contrast stitching,belt loops,zip fly",Cotton,pants_natural,32.50,1.0,0.920,0.02,-0.12,0.05,0.00,0.15,0.10,16.99,TOO_LOW,,1
-13.98,73.03,84.90,3265,Lee,jeans,101S,7,,,Vintage,Straight,"selvedge,contrast stitching,copper rivets,cuffed,fading,leather patch",Denim,jeans,28.00,2.70,0.920,0.00,0.00,0.05,0.00,0.00,0.05,-11.87,OK,,1
58.87,37.97,23.90,2979,Lee,pants,sarja,7,,2000s,Workwear,Loose,"leather patch,zip fly,belt loops",Cotton,pants_natural,32.50,1.0,0.920,0.00,0.00,0.12,0.00,0.15,0.27,14.07,TOO_LOW,,1
26.39,34.00,26.90,3254,Lee,jeans,,7,,2000s,Streetwear,Loose,"brass rivets,contrast stitching,leather patch,belt loops,zip fly",Denim,jeans,28.00,1.0,0.920,0.00,0.12,0.05,0.00,0.15,0.32,7.10,OK,,1
32.22,36.89,27.90,3125,Lee,jeans,Relaxed Straight Leg,9,,2000s,Vintage,Relaxed,"belt loops,zip fly,brass rivets,leather patch",Denim,jeans,28.00,1.0,1.080,0.00,0.12,0.05,0.00,0.05,0.22,8.99,TOO_LOW,,1
40.68,35.03,24.90,3233,Lee,jeans,,7,,2000s,Y2k,Flare,"leather patch,contrast stitching,belt loops,zip fly",Denim,jeans,28.00,1.0,0.920,0.00,0.12,0.12,0.00,0.12,0.36,10.13,TOO_LOW,,1
143.64,31.43,12.90,2844,Lee,jeans,,7,,2000s,Modern,Bootcut,"belt loops,contrast stitching,fading",Denim,jeans,28.00,1.0,0.920,0.00,0.12,0.00,0.00,0.10,0.22,18.53,TOO_LOW,,1
67.85,35.08,20.90,3207,Lee,jeans,brooklyn straight,9,Pakistan,2000s,Workwear,Straight,"brass rivets,belt loops,zip fly",Cotton,jeans,28.00,1.0,1.080,-0.08,0.12,0.12,0.00,0.00,0.16,14.18,TOO_LOW,,1
179.50,33.26,11.90,2451,Lee,jeans,,9,Mexico,2000s,Modern,Straight,"belt loops,contrast stitching,fading,leather patch",Denim,jeans,28.00,1.0,1.080,-0.02,0.12,0.00,0.00,0.00,0.10,21.36,TOO_LOW,,1
58.81,34.78,21.90,3019,Lee,jeans,,9,Mexico,2000s,Modern,Relaxed,"belt loops,zip fly,waistband",Denim,jeans,28.00,1.0,1.080,-0.02,0.12,0.00,0.00,0.05,0.15,12.88,TOO_LOW,,1
40.53,29.37,20.90,3060,Lee,jeans,Marion Straight,7,Bangladesh,2000s,Workwear,Straight,"brass rivets,contrast stitching,belt loops,leather patch",Denim,jeans,28.00,1.0,0.920,-0.10,0.12,0.12,0.00,0.00,0.14,8.47,TOO_LOW,,1
244.38,30.65,8.90,3011,Lee,jeans,,7,China,2000s,Y2k,Straight,"contrast stitching,belt loops,fading",Cotton,jeans,28.00,1.0,0.920,-0.05,0.12,0.12,0.00,0.00,0.19,21.75,TOO_LOW,,1
73.10,39.64,22.90,2999,Lee,jeans,Powell,9,Bangladesh,2000s,Y2k,Straight,"fading,contrast stitching,leather patch,belt loops",Denim,jeans,28.00,1.15,1.080,-0.10,0.12,0.12,0.00,0.00,0.14,16.74,TOO_LOW,,1
78.44,31.94,17.90,2949,Lee,jeans,,7,,2000s,Y2k,Straight,"leather patch,contrast stitching,belt loops,fading",Denim,jeans,28.00,1.0,0.920,0.00,0.12,0.12,0.00,0.00,0.24,14.04,TOO_LOW,,1
43.93,34.40,23.90,1712,Dickies,jeans,,9,,,,Bootcut,,,jeans,32.50,1.0,1.080,0.00,-0.12,0.00,0.00,0.10,-0.02,10.50,TOO_LOW,,1
35.25,35.03,25.90,3231,Lee,jeans,,7,,2000s,Y2k,Flare,"fading,leather patch",Denim,jeans,28.00,1.0,0.920,0.00,0.12,0.12,0.00,0.12,0.36,9.13,TOO_LOW,,1
60.50,31.94,19.90,3230,Lee,jeans,Classic Fit,7,,2000s,Y2k,Straight,"fading,contrast stitching,leather patch",Denim,jeans,28.00,1.0,0.920,0.00,0.12,0.12,0.00,0.00,0.24,12.04,TOO_LOW,,1
61.17,28.85,17.90,3210,Lee,jeans,natural straight leg,7,,2000s,Modern,Straight,"contrast stitching,belt loops,zip fly",Denim,jeans,28.00,1.0,0.920,0.00,0.12,0.00,0.00,0.00,0.12,10.95,TOO_LOW,,1
48.03,35.38,23.90,3159,Lee,jeans,EXTREME MOTION MVP,9,,2000s,Streetwear,Straight,"leather patch,zip fly,belt loops,fading",Denim,jeans,28.00,1.0,1.080,0.00,0.12,0.05,0.00,0.00,0.17,11.48,TOO_LOW,,1
56.67,39.01,24.90,3232,Lee,jeans,Slender Secret,9,China,2000s,Y2k,Bootcut,"contrast stitching,embroidered,fading,belt loops,zip fly",Cotton,jeans,28.00,1.0,1.080,-0.05,0.12,0.12,0.00,0.10,0.29,14.11,TOO_LOW,,1
33.28,34.52,25.90,3115,Lee,jeans,extreme motion,7,,2000s,Y2k,Bootcut,"leather patch,contrast stitching,belt loops,zip fly",Denim,jeans,28.00,1.0,0.920,0.00,0.12,0.12,0.00,0.10,0.34,8.62,TOO_LOW,,1
20.71,28.85,23.90,3113,Lee,jeans,riders,7,,2000s,Modern,Straight,"contrast stitching,belt loops",Denim,jeans,28.00,1.0,0.920,0.00,0.12,0.00,0.00,0.00,0.12,4.95,OK,,1
64.66,36.06,21.90,3250,Lee,jeans,,7,Belgium,2000s,Vintage,Loose,"fading,contrast stitching,brass rivets,belt loops",Denim,jeans,28.00,1.0,0.920,0.08,0.12,0.05,0.00,0.15,0.40,14.16,TOO_LOW,,1
109.35,35.38,16.90,2764,Lee,jeans,,9,,2000s,Vintage,Straight,"contrast stitching,belt loops,zip fly,brass rivets,leather patch,fading",Denim,jeans,28.00,1.0,1.080,0.00,0.12,0.05,0.00,0.00,0.17,18.48,TOO_LOW,,1
46.57,35.03,23.90,3226,Lee,jeans,,7,,2000s,Y2k,Flare,"leather patch,brass rivets,contrast stitching,belt loops",Denim,jeans,28.00,1.0,0.920,0.00,0.12,0.12,0.00,0.12,0.36,11.13,TOO_LOW,,1
8.03,30.14,27.90,3069,Lee,jeans,riders,7,,2000s,Vintage,Straight,"belt loops,zip fly,brass rivets,fading,contrast stitching",Denim,jeans,28.00,1.0,0.920,0.00,0.12,0.05,0.00,0.00,0.17,2.24,OK,,1
66.30,31.43,18.90,3176,Lee,jeans,,7,,2000s,Vintage,Relaxed,waistband,Denim,jeans,28.00,1.0,0.920,0.00,0.12,0.05,0.00,0.05,0.22,12.53,TOO_LOW,,1
111.89,35.81,16.90,2847,Lee,jeans,EXTREME MOTION MVP,7,,2000s,Y2k,Loose,"leather patch,contrast stitching,fading,belt loops",Denim,jeans,28.00,1.0,0.920,0.00,0.12,0.12,0.00,0.15,0.39,18.91,TOO_LOW,,1
37.63,30.14,21.90,3243,Lee,jeans,brooklyn straight,7,,2000s,Streetwear,Straight,"brass rivets,belt loops,contrast stitching,leather patch,fading",Denim,jeans,28.00,1.0,0.920,0.00,0.12,0.05,0.00,0.00,0.17,8.24,TOO_LOW,,1
50.13,35.88,23.90,2513,Lee,pants,,7,,2010s,Workwear,Loose,,Denim,pants_natural,32.50,1.0,0.920,0.00,-0.07,0.12,0.00,0.15,0.20,11.98,TOO_LOW,,1
55.25,34.00,21.90,2670,Lee,jeans,,7,,2010s,Workwear,Loose,,Denim,jeans,28.00,1.0,0.920,0.00,0.05,0.12,0.00,0.15,0.32,12.10,TOO_LOW,,1
40.29,19.50,13.90,2672,Lee,pants,,4,,2010s,Workwear,Loose,,Cotton,pants_natural,32.50,1.0,0.500,0.00,-0.07,0.12,0.00,0.15,0.20,5.60,TOO_LOW,,1
56.68,35.88,22.90,2467,Lee,pants,,7,,2010s,Workwear,Loose,,Cotton,pants_natural,32.50,1.0,0.920,0.00,-0.07,0.12,0.00,0.15,0.20,12.98,TOO_LOW,,1
63.84,35.88,21.90,2683,Lee,pants,,7,,2010s,Workwear,Loose,,Cotton,pants_natural,32.50,1.0,0.920,0.00,-0.07,0.12,0.00,0.15,0.20,13.98,TOO_LOW,,1
32.37,32.96,24.90,2537,Lee,jeans,chicago,9,India,2010s,Workwear,Regular,,Denim,jeans,28.00,1.0,1.080,-0.08,0.05,0.12,0.00,0.00,0.09,8.06,TOO_LOW,,1
54.77,30.80,19.90,2516,Lee,pants,,7,Mexico,2010s,Workwear,Regular,,Cotton,pants_natural,32.50,1.0,0.920,-0.02,-0.07,0.12,0.00,0.00,0.03,10.90,TOO_LOW,,1
64.12,32.66,19.90,2877,Lee,jeans,Marion Straight,9,Turkey,2010s,Streetwear,Straight,"contrast stitching,leather patch,belt loops,fading",Cotton,jeans,28.00,1.0,1.080,-0.02,0.05,0.05,0.00,0.00,0.08,12.76,TOO_LOW,,1
60.50,28.73,17.90,3192,Lee,jeans,,9,Bangladesh,2010s,Modern,Regular,"leather patch,belt loops,fading",Denim,jeans,28.00,1.0,1.080,-0.10,0.05,0.00,0.00,0.00,-0.05,10.83,TOO_LOW,,1
-3.27,19.25,19.90,3156,Lee Cooper,jeans,,7,,,Streetwear,Straight,"belt loops,zip fly,fading",Denim,jeans,22.50,1.0,0.920,0.00,-0.12,0.05,0.00,0.00,-0.07,-0.65,OK,,1
-15.09,13.50,15.90,3256,Lee Cooper,jeans,LC110 Ring,4,,2000s,Streetwear,Loose,"fading,contrast stitching,belt loops,brass rivets",Denim,jeans,22.50,1.0,0.500,0.00,0.00,0.05,0.00,0.15,0.20,-2.40,OK,,1
24.12,90.48,72.90,2896,Levi'S,jeans,Silvertab,9,,90s,Streetwear,Baggy,"contrast stitching,belt loops,brass rivets",Denim,jeans,38.50,1.70,1.080,0.00,0.03,0.05,0.00,0.20,0.28,17.58,OK,,1
57.51,48.67,30.90,2723,Levi'S,pants,551,9,Tunisia,2010s,Workwear,Regular,,Cotton,pants_natural,35.00,1.25,1.080,-0.02,-0.07,0.12,0.00,0.00,0.03,17.77,TOO_LOW,,1
21.09,43.47,35.90,3096,Levi'S,pants,401,7,,,Vintage,Loose,"leather patch,copper rivets,belt loops,coin pocket",Corduroy,pants_natural,35.00,1.25,0.920,0.00,-0.12,0.05,0.00,0.15,0.08,7.57,OK,,1
0.30,40.02,39.90,3093,Levi'S,jeans,501 Big E Premium,7,Japan,,Vintage,Straight,"leather patch,copper rivets,contrast stitching,belt loops,coin pocket",Denim,jeans,38.50,1.0,0.920,0.20,-0.12,0.05,0.00,0.00,0.13,0.12,OK,,1
2.92,33.86,32.90,2857,Levi'S,shorts,Premium Big E,9,,2000s,Streetwear,Relaxed,"contrast stitching,zip fly",Denim,shorts,28.50,1.0,1.080,0.00,0.00,0.05,0.00,0.05,0.10,0.96,OK,,1
36.13,27.09,19.90,2259,Levi'S,shirt,,9,Bangladesh,2000s,Streetwear,Relaxed,"contrast stitching,yoke,chest pockets",Cotton,shirt_natural,28.50,1.0,1.080,-0.10,0.00,-0.07,0.00,0.05,-0.12,7.19,TOO_LOW,,1
51.94,45.43,29.90,2799,Levi'S,jeans,501,7,Bangladesh,2000s,Vintage,Straight,"button fly,leather patch,belt loops,coin pocket,copper rivets,contrast stitching,fading",Denim,jeans,38.50,1.35,0.920,-0.10,0.00,0.05,0.00,0.00,-0.05,15.53,TOO_LOW,,1
71.91,92.66,53.90,2870,Aem'Kei Nyc,jeans,,9,,2000s,Y2k,Baggy,"contrast stitching,embroidered,paneled,decorative pockets",Denim,jeans,65.00,1.0,1.080,0.00,0.00,0.12,0.00,0.20,0.32,38.76,TOO_LOW,,1
25.41,90.17,71.90,2890,Akademiks,jeans,RN0100964,9,,2000s,Y2k,Baggy,"printed,contrast stitching,leather patch,belt loops,coin pocket",Denim,jeans,55.00,1.15,1.080,0.00,0.00,0.12,0.00,0.20,0.32,18.27,OK,,1
-6.18,39.31,41.90,2745,Arm Jeans,jeans,,9,,2000s,Y2k,Loose,"contrast stitching,paneled,button detail,belt loops,fading",Denim,jeans,35.00,1.0,1.080,-0.18,0.00,0.07,0.00,0.15,0.04,-2.59,OK,,1
-30.39,43.09,61.90,2802,Bastard,jeans,,9,,2000s,Y2k,Baggy,"embroidered,contrast stitching,paneled,belt loops",Cotton,jeans,35.00,1.0,1.080,-0.18,0.00,0.12,0.00,0.20,0.14,-18.81,TOO_HIGH,,1
-61.25,21.66,55.90,2823,Blueskin,jeans,carpenter,7,,2000s,Streetwear,Baggy,"embroidered,frayed,carpenter pocket,contrast stitching,button detail,graffiti design,utility pocket",Denim,jeans,22.00,1.0,0.920,-0.18,0.00,0.05,0.00,0.20,0.07,-34.24,TOO_HIGH,,1
17.90,36.43,30.90,2002,Carhartt,jeans,,7,,,,Regular,,,jeans,45.00,1.0,0.920,0.00,-0.12,0.00,0.00,0.00,-0.12,5.53,OK,,1
28.34,52.49,40.90,2020,Carhartt,jeans,,9,,,,Baggy,,,jeans,45.00,1.0,1.080,0.00,-0.12,0.00,0.00,0.20,0.08,11.59,OK,,1
104.64,42.77,20.90,1984,Carhartt,jeans,,9,,,,Regular,,,jeans,45.00,1.0,1.080,0.00,-0.12,0.00,0.00,0.00,-0.12,21.87,TOO_LOW,,1
95.30,42.77,21.90,2015,Carhartt,jeans,,9,,,,Regular,,,jeans,45.00,1.0,1.080,0.00,-0.12,0.00,0.00,0.00,-0.12,20.87,TOO_LOW,,1
80.79,41.40,22.90,1959,Carhartt,jeans,,7,,,Workwear,Regular,,,jeans,45.00,1.0,0.920,0.00,-0.12,0.12,0.00,0.00,0.00,18.50,TOO_LOW,,1
57.28,48.60,30.90,1958,Carhartt,jeans,,9,,,Workwear,Regular,,,jeans,45.00,1.0,1.080,0.00,-0.12,0.12,0.00,0.00,0.00,17.70,TOO_LOW,,1
57.28,48.60,30.90,2021,Carhartt,jeans,,9,,,Workwear,Regular,,,jeans,45.00,1.0,1.080,0.00,-0.12,0.12,0.00,0.00,0.00,17.70,TOO_LOW,,1
117.21,38.88,17.90,1986,Carhartt,jeans,,9,,,Workwear,Slim,,,jeans,45.00,1.0,1.080,0.00,-0.12,0.12,0.00,-0.20,-0.20,20.98,TOO_LOW,,1
80.25,21.45,11.90,3005,Carhartt,pants,,4,Tunisia,,Workwear,Slim,"belt loops,waistband,contrast stitching",Cotton,pants_natural,55.00,1.0,0.500,-0.02,-0.12,0.12,0.00,-0.20,-0.22,9.55,TOO_LOW,,1
118.86,63.25,28.90,2793,Carhartt,pants,Calder Pant,7,Tunisia,2000s,Workwear,Loose,"belt loops,zip fly",Cotton,pants_natural,55.00,1.0,0.920,-0.02,0.00,0.12,0.00,0.15,0.25,34.35,TOO_LOW,,1
434.06,36.85,6.90,1378,Champion,jacket,,7,,,Sportswear,,,,jacket_natural,45.00,1.0,0.920,0.00,-0.12,0.01,0.00,0.00,-0.11,29.95,TOO_LOW,,1
-34.65,17.58,26.90,2265,Chaps,shirt,,9,,,,Regular,,Cotton,shirt_natural,18.50,1.0,1.080,0.00,-0.12,0.00,0.00,0.00,-0.12,-9.32,TOO_HIGH,,1
-31.60,14.98,21.90,2135,Chaps,shirt,,7,,,,,,Cotton,shirt_natural,18.50,1.0,0.920,0.00,-0.12,0.00,0.00,0.00,-0.12,-6.92,TOO_HIGH,,1
-39.04,13.96,22.90,2247,Chaps,shirt,,7,India,,Preppy,Regular,,Cotton,shirt_natural,18.50,1.0,0.920,-0.08,-0.12,0.02,0.00,0.00,-0.18,-8.94,TOO_HIGH,,1
-18.91,19.38,23.90,2249,Chaps,shirt,Classic Fit Oxford,9,Vietnam,2000s,Preppy,Regular,,Cotton,shirt_natural,18.50,1.0,1.080,-0.05,0.00,0.02,0.00,0.00,-0.03,-4.52,OK,,1
3.85,53.90,51.90,2798,Chevignon,jeans,C selvedge,7,France,,Vintage,Straight,"selvedge,cuffed,contrast stitching,leather patch,belt loops,coin pocket",Denim,jeans,35.00,1.80,0.920,0.00,-0.12,0.05,0.00,0.00,-0.07,2.00,OK,,1
10.72,30.89,27.90,1199,Dickies,pants,,9,,,,,,,pants_natural,32.50,1.0,1.080,0.00,-0.12,0.00,0.00,0.00,-0.12,2.99,OK,,1
-5.18,29.30,30.90,1813,Dickies,jeans,,7,,,,Bootcut,,,jeans,32.50,1.0,0.920,0.00,-0.12,0.00,0.00,0.10,-0.02,-1.60,OK,,1
27.95,29.30,22.90,1874,Dickies,jeans,,7,,,,Bootcut,,,jeans,32.50,1.0,0.920,0.00,-0.12,0.00,0.00,0.10,-0.02,6.40,OK,,1
23.30,34.40,27.90,1875,Dickies,jeans,,9,,,,Bootcut,,,jeans,32.50,1.0,1.080,0.00,-0.12,0.00,0.00,0.10,-0.02,6.50,OK,,1
5.02,29.30,27.90,1974,Dickies,jeans,,7,,,,Bootcut,,,jeans,32.50,1.0,0.920,0.00,-0.12,0.00,0.00,0.10,-0.02,1.40,OK,,1
-20.05,35.10,43.90,1836,Dickies,pants,,9,,,Workwear,,,,pants_natural,32.50,1.0,1.080,0.00,-0.12,0.12,0.00,0.00,0.00,-8.80,OK,,1
53.28,35.10,22.90,1187,Dickies,pants,,9,,,Workwear,,,,pants_natural,32.50,1.0,1.080,0.00,-0.12,0.12,0.00,0.00,0.00,12.20,TOO_LOW,,1
-3.24,29.90,30.90,1834,Dickies,cargo-pants,,7,,,Workwear,,,,pants_natural,32.50,1.0,0.920,0.00,-0.12,0.12,0.00,0.00,0.00,-1.00,OK,,1
7.17,29.90,27.90,1886,Dickies,pants,,7,,,Workwear,,,,pants_natural,32.50,1.0,0.920,0.00,-0.12,0.12,0.00,0.00,0.00,2.00,OK,,1
31.54,56.43,42.90,2206,Diesel,jeans,,9,,90s,,Bootcut,,Denim,jeans,55.00,1.0,1.080,-0.18,0.03,0.00,0.00,0.10,-0.05,13.53,TOO_LOW,,1
-16.14,39.33,46.90,2837,Diesel,pants,,7,Morocco,2000s,Retro,Flare,"belt loops,waistband",Cotton,pants_natural,45.00,1.0,0.920,-0.20,0.00,0.03,0.00,0.12,-0.05,-7.57,OK,,1
105.71,38.88,18.90,2741,Ecko Unltd,pants,,9,,2000s,Streetwear,Slim,"belt loops,zip fly,contrast stitching",Cotton,pants_natural,45.00,1.0,1.080,0.00,0.00,0.00,0.00,-0.20,-0.20,19.98,TOO_LOW,,1
-19.56,54.62,67.90,2927,Ecko Unltd,jeans,,9,China,2000s,Y2k,Baggy,"contrast stitching,leather patch,belt loops,beaded",Denim,jeans,42.50,1.0,1.080,-0.05,0.00,0.04,0.00,0.20,0.19,-13.28,OK,,1
-26.12,48.69,65.90,3268,Edwin,jeans,ED-80,7,Japan,2010s,Streetwear,Slim,"Selvedge,Leather patch,Button detail,Contrast stitching,Fading,Woven label",Cotton,jeans,45.00,1.20,0.920,0.00,-0.07,0.05,0.20,-0.20,-0.02,-17.21,OK,,1
23.01,54.00,43.90,3266,Edwin,jeans,ED-71,8,Japan,2000s,Workwear,Slim,"Leather patch,Button detail,Contrast stitching,Fading,Whiskering",Cotton,jeans,45.00,1.20,1.000,0.00,0.00,0.12,0.08,-0.20,0.00,10.10,OK,,1
55.76,48.13,30.90,2795,Edwin,jeans,ED-55,7,Japan,,Streetwear,Straight,"distressed,fading,leather patch,belt loops,button fly",Denim,jeans,45.00,1.25,0.920,0.00,-0.12,0.05,0.00,0.00,-0.07,17.23,TOO_LOW,,1
-29.92,52.49,74.90,2885,Edwin,jeans,SK505E Selvedge,9,Japan,,Japanese streetwear,Straight,"selvedge,leather patch,contrast stitching,cuffed,fading",Denim,jeans,45.00,1.0,1.080,0.00,-0.12,0.20,0.00,0.00,0.08,-22.41,OK,,1
-56.65,59.78,137.90,2888,Edwin,jeans,SK505 Selvedge,9,Japan,,Japanese streetwear,Loose,"leather patch,contrast stitching,selvedge,cuffed,copper rivets",Denim,jeans,45.00,1.0,1.080,0.00,-0.12,0.20,0.00,0.15,0.23,-78.12,TOO_HIGH,,1
-50.43,52.49,105.90,2889,Edwin,jeans,SK505 Selvedge,9,Japan,,Japanese streetwear,Straight,"contrast stitching,leather patch,selvedge,cuffed,hidden rivets",Denim,jeans,45.00,1.0,1.080,0.00,-0.12,0.20,0.00,0.00,0.08,-53.41,TOO_HIGH,,1
58.28,55.24,34.90,2810,Edwin,pants,Newton Slim,9,Japan,,Streetwear,Straight,"belt loops,zip fly,contrast stitching,brass rivets",Cotton,pants_natural,55.00,1.0,1.080,0.00,-0.12,0.05,0.00,0.00,-0.07,20.34,TOO_LOW,,1
-23.66,25.88,33.90,2981,Reell,jeans,,7,,90s,Streetwear,Baggy,"belt loops,zip fly,leather patch",Denim,jeans,22.50,1.0,0.920,-0.10,0.10,0.05,0.00,0.20,0.25,-8.02,OK,,1
-4.05,29.65,30.90,3085,Reell,jeans,,9,,2000s,Streetwear,Baggy,"belt loops,fading,contrast stitching",Cotton,jeans,22.50,1.0,1.080,-0.10,0.07,0.05,0.00,0.20,0.22,-1.25,OK,,1
-19.65,29.65,36.90,2980,Reell,jeans,,9,,2000s,Streetwear,Baggy,"fading,contrast stitching,belt loops",Denim,jeans,22.50,1.0,1.080,-0.10,0.07,0.05,0.00,0.20,0.22,-7.25,OK,,1
9.69,70.09,63.90,1856,Rocawear,jeans,,9,,90s,,Baggy,,,jeans,55.00,1.0,1.080,0.00,0.03,-0.05,0.00,0.20,0.18,6.19,OK,,1
17.38,48.01,40.90,2833,Rocawear,shorts,,9,,2000s,Y2k,Loose,"embroidered,contrast stitching,leather patch",Denim,shorts,35.00,1.0,1.080,0.00,0.00,0.12,0.00,0.15,0.27,7.11,OK,,1
56.32,62.37,39.90,3016,Rocawear,jeans,,9,,2000s,Streetwear,Relaxed,"leather patch,contrast stitching,copper rivets,belt loops",Denim,jeans,55.00,1.0,1.080,0.00,0.00,0.00,0.00,0.05,0.05,22.47,TOO_LOW,,1
4.92,75.44,71.90,2743,Rocawear,jeans,,9,,2000s,Y2k,Baggy,"embroidered,contrast stitching,belt loops,button fly,leather patch",Denim,jeans,55.00,1.0,1.080,0.00,0.00,0.07,0.00,0.20,0.27,3.54,OK,,1
-20.24,57.35,71.90,2747,Southpole,jeans,,9,Pakistan,2000s,Y2k,Baggy,"embroidered,patchwork,fading,contrast stitching,belt loops",Denim,jeans,45.00,1.0,1.080,-0.06,0.00,0.04,0.00,0.20,0.18,-14.55,OK,,1
-24.44,57.35,75.90,2746,Southpole,jeans,,9,Pakistan,2000s,Y2k,Baggy,"embroidered,contrast stitching,decorative pockets,fading,belt loops",Denim,jeans,45.00,1.0,1.080,-0.06,0.00,0.04,0.00,0.20,0.18,-18.55,OK,,1
63.09,81.38,49.90,2863,Stan Ray,cargo-pants,carpenter,9,,90s,Workwear,Baggy,"contrast stitching,belt loops,decorative pockets",Denim,pants_natural,55.00,1.0,1.080,-0.05,0.10,0.12,0.00,0.20,0.37,31.48,TOO_LOW,,1
26.87,31.59,24.90,2766,Dickies,pants,,9,Bangladesh,,Workwear,Straight,"belt loops,zip fly,waistband",Cotton,pants_natural,32.50,1.0,1.080,-0.10,-0.12,0.12,0.00,0.00,-0.10,6.69,OK,,1
-1.11,18.69,18.90,3082,Dickies,jeans,,4,,,Workwear,Loose,"distressed,fading",Denim,jeans,32.50,1.0,0.500,0.00,-0.12,0.12,0.00,0.15,0.15,-0.21,OK,,1
2.42,29.60,28.90,2821,Dickies,pants,874 original fit,7,Bangladesh,2020s,Workwear,Regular,"belt loops,zip fly,contrast stitching,leather label,welt pockets,rear pockets",Cotton,pants_natural,32.50,1.10,0.920,-0.10,-0.12,0.12,0.00,0.00,-0.10,0.70,OK,,1
1.18,50.49,49.90,2203,Diesel,jeans,,9,,90s,,Regular,,Denim,jeans,55.00,1.0,1.080,-0.18,0.03,0.00,0.00,0.00,-0.15,0.59,OK,,1
3.25,50.49,48.90,2185,Diesel,jeans,,9,,90s,,Regular,,Denim,jeans,55.00,1.0,1.080,-0.18,0.03,0.00,0.00,0.00,-0.15,1.59,OK,,1
60.78,64.15,39.90,2480,True Religion,jeans,becca mid rise,9,Pakistan,90s,Retro,Bootcut,,Denim,jeans,55.00,1.0,1.080,-0.08,0.03,0.03,0.00,0.10,0.08,24.25,TOO_LOW,,1
-19.41,49.08,60.90,2162,Diesel,jeans,,7,,90s,,Flare,,Denim,jeans,55.00,1.0,0.920,-0.18,0.03,0.00,0.00,0.12,-0.03,-11.82,OK,,1
-15.23,49.08,57.90,2207,Diesel,jeans,,7,,90s,,Flare,,Denim,jeans,55.00,1.0,0.920,-0.18,0.03,0.00,0.00,0.12,-0.03,-8.82,OK,,1
115.42,53.64,24.90,2691,Diesel,jeans,,7,Italy,90s,Retro,Regular,,Denim,jeans,55.00,1.0,0.920,0.00,0.03,0.03,0.00,0.00,0.06,28.74,TOO_LOW,,1
-46.65,21.82,40.90,2193,Diesel,pants,,4,,,Workwear,Loose,,Cotton,pants_natural,45.00,1.0,0.500,-0.18,-0.12,0.12,0.00,0.15,-0.03,-19.08,TOO_HIGH,,1
3.67,46.55,44.90,2062,Diesel,jeans,,7,,,Y2k,Bootcut,,,jeans,55.00,1.0,0.920,-0.18,-0.12,0.12,0.00,0.10,-0.08,1.65,OK,,1
-16.80,52.33,62.90,2765,Ecko Unltd,jeans,,9,China,2000s,Y2k,Loose,"embroidered,contrast stitching,leather patch,button detail,belt loops",Denim,jeans,42.50,1.0,1.080,-0.05,0.00,0.04,0.00,0.15,0.14,-10.57,OK,,1
57.26,28.15,17.90,1073,Edwin,jeans,,7,,,,Regular,,,jeans,45.00,1.0,0.920,-0.20,-0.12,0.00,0.00,0.00,-0.32,10.25,TOO_LOW,,1
74.87,33.05,18.90,885,Edwin,jeans,,9,,,,Regular,,,jeans,45.00,1.0,1.080,-0.20,-0.12,0.00,0.00,0.00,-0.32,14.15,TOO_LOW,,1
19.73,26.22,21.90,3224,Wrangler,jeans,,7,Jordan,2000s,Y2k,Bootcut,"contrast stitching,embroidered,leather patch,brass rivets,belt loops",Denim,jeans,28.50,1.0,0.920,-0.10,0.00,0.00,0.00,0.10,0.00,4.32,OK,,1
88.93,28.15,14.90,1056,Edwin,jeans,,7,,,,Regular,,,jeans,45.00,1.0,0.920,-0.20,-0.12,0.00,0.00,0.00,-0.32,13.25,TOO_LOW,,1
11.34,19.93,17.90,2327,Wrangler,jeans,,7,,,,Regular,,Cotton,jeans,28.50,1.0,0.920,0.00,-0.12,-0.12,0.00,0.00,-0.24,2.03,OK,,1
156.20,33.05,12.90,1276,Edwin,jeans,,9,,,,Regular,,,jeans,45.00,1.0,1.080,-0.20,-0.12,0.00,0.00,0.00,-0.32,20.15,TOO_LOW,,1
33.36,19.87,14.90,1274,Edwin,jeans,,7,,,,Slim,,,jeans,45.00,1.0,0.920,-0.20,-0.12,0.00,0.00,-0.20,-0.52,4.97,TOO_LOW,,1
23.44,23.33,18.90,1278,Edwin,jeans,,9,,,,Slim,,,jeans,45.00,1.0,1.080,-0.20,-0.12,0.00,0.00,-0.20,-0.52,4.43,OK,,1
2.74,37.91,36.90,886,Edwin,jeans,,9,,,,Bootcut,,,jeans,45.00,1.0,1.080,-0.20,-0.12,0.00,0.00,0.10,-0.22,1.01,OK,,1
-29.45,28.15,39.90,1113,Edwin,jeans,,7,,,,Regular,,,jeans,45.00,1.0,0.920,-0.20,-0.12,0.00,0.00,0.00,-0.32,-11.75,OK,,1
-2.54,37.91,38.90,1281,Edwin,jeans,,9,,,,Bootcut,,,jeans,45.00,1.0,1.080,-0.20,-0.12,0.00,0.00,0.10,-0.22,-0.99,OK,,1
-10.43,33.05,36.90,1427,Edwin,jeans,,9,,,,Regular,,,jeans,45.00,1.0,1.080,-0.20,-0.12,0.00,0.00,0.00,-0.32,-3.85,OK,,1
66.57,28.15,16.90,1065,Edwin,jeans,,7,,,,Regular,,,jeans,45.00,1.0,0.920,-0.20,-0.12,0.00,0.00,0.00,-0.32,11.25,TOO_LOW,,1
25.08,37.40,29.90,2474,Wrangler,pants,13MWZTN,7,Mexico,80s,Workwear,Regular,,Cotton,pants_natural,35.00,1.15,0.920,-0.02,0.03,0.00,0.00,0.00,0.01,7.50,OK,,1
257.63,21.10,5.90,3098,Esprit,jeans,,7,,2000s,Y2k,Bootcut,"contrast stitching,belt loops,fading",Denim,jeans,18.50,1.0,0.920,0.02,0.00,0.12,0.00,0.10,0.24,15.20,TOO_LOW,,1
42.79,38.41,26.90,2676,Wrangler,jeans,14MWZG,9,Mexico,70s,Workwear,Regular,,Denim,jeans,28.50,1.20,1.080,-0.02,0.06,0.00,0.00,0.00,0.04,11.51,TOO_LOW,,1
49.54,35.74,23.90,2483,Wrangler,pants,Q-Baby,7,Mexico,90s,Workwear,Bootcut,,Cotton,pants_natural,35.00,1.0,0.920,-0.02,0.03,0.00,0.00,0.10,0.11,11.84,TOO_LOW,,1
-34.37,30.78,46.90,1637,Wrangler,jeans,,9,,,Y2k,Flare,,,jeans,28.50,1.0,1.080,0.00,-0.12,0.00,0.00,0.12,0.00,-16.12,TOO_HIGH,,1
2.97,22.55,21.90,3240,Wrangler,jeans,rugged wear,7,Nicaragua,90s,Vintage,Straight,"leather patch,contrast stitching,belt loops",Denim,jeans,28.50,1.0,0.920,-0.10,0.03,-0.07,0.00,0.00,-0.14,0.65,OK,,1
19.50,45.29,37.90,2997,Wrangler,jeans,13MWZ,9,Mexico,90s,Vintage,Loose,"leather patch,contrast stitching,brass rivets,belt loops,zip fly",Denim,jeans,28.50,1.35,1.080,-0.02,0.03,-0.07,0.00,0.15,0.09,7.39,OK,,1
-22.15,21.72,27.90,2548,Wrangler,jeans,A001,9,Nicaragua,2010s,Workwear,Regular,,Denim,jeans,28.50,0.85,1.080,-0.10,-0.07,0.00,0.00,0.00,-0.17,-6.18,OK,,1
61.20,48.20,29.90,2455,Wrangler,jeans,13MWZ,9,Usa,90s,Vintage,Straight,"leather patch,brass rivets,contrast stitching,belt loops",Cotton,jeans,28.50,1.35,1.080,0.20,0.03,-0.07,0.00,0.00,0.16,18.30,TOO_LOW,,1
0.23,25.96,25.90,2458,Wrangler,jeans,31 Relaxed,7,Mexico,90s,Vintage,Relaxed,"belt loops,zip fly,leather patch,contrast stitching,fading,brass rivets",Denim,jeans,28.50,1.0,0.920,-0.02,0.03,-0.07,0.00,0.05,-0.01,0.06,OK,,1
26.70,26.48,20.90,3067,Wrangler,jeans,,7,,90s,Vintage,Relaxed,"brass rivets,belt loops,coin pocket,fading",Denim,jeans,28.50,1.0,0.920,0.00,0.03,-0.07,0.00,0.05,0.01,5.58,OK,,1
7.64,24.65,22.90,2447,Wrangler,jeans,31 Relaxed,7,Mexico,90s,Vintage,Straight,"leather patch,contrast stitching,brass rivets,belt loops",Denim,jeans,28.50,1.0,0.920,-0.02,0.03,-0.07,0.00,0.00,-0.06,1.75,OK,,1
21.05,28.93,23.90,3064,Wrangler,jeans,,9,Mexico,90s,Vintage,Straight,"leather patch,belt loops,zip fly,fading",Cotton,jeans,28.50,1.0,1.080,-0.02,0.03,-0.07,0.00,0.00,-0.06,5.03,OK,,1
58.30,25.17,15.90,3234,Wrangler,jeans,,7,,80s,Vintage,Straight,"acid wash,leather patch,contrast stitching,belt loops,zip fly",Denim,jeans,28.50,1.0,0.920,0.00,0.03,-0.07,0.00,0.00,-0.04,9.27,TOO_LOW,,1
-32.49,39.09,57.90,2803,Freeman,jeans,carpenter,9,,2000s,Streetwear,Baggy,"embroidered,contrast stitching,belt loops,zip fly,carpenter pocket",Cotton,jeans,28.50,1.0,1.080,0.02,0.00,0.05,0.00,0.20,0.27,-18.81,TOO_HIGH,,1
4.48,27.06,25.90,2610,Wrangler,jeans,13MWZGK,7,Mexico,,Workwear,Regular,,Denim,jeans,28.50,1.20,0.920,-0.02,-0.12,0.00,0.00,0.00,-0.14,1.16,OK,,1
,,17.90,2834,Wrangler,pants,,7,,,Workwear,Loose,"belt loops,zip fly",Polyester,pants_synthetic,,1.0,1.0,0.0,0.0,0.0,0.0,0.0,0.0,,NO_BRAND_GROUP,No BrandGroup for Wrangler + pants_synthetic,1
74.81,22.55,12.90,3241,Wrangler,jeans,,7,,,Modern,Bootcut,"contrast stitching,brass rivets,leather patch,belt loops",Denim,jeans,28.50,1.0,0.920,0.00,-0.12,-0.12,0.00,0.10,-0.14,9.65,TOO_LOW,,1
48.20,28.01,18.90,3180,Wrangler,jeans,,9,,,,Loose,"belt loops,contrast stitching",Denim,jeans,28.50,1.0,1.080,0.00,-0.12,-0.12,0.00,0.15,-0.09,9.11,TOO_LOW,,1
16.17,17.31,14.90,2452,Wrangler,jeans,,7,Bangladesh,,Modern,Straight,"zip fly,belt loops,contrast stitching,fading,leather patch",Denim,jeans,28.50,1.0,0.920,-0.10,-0.12,-0.12,0.00,0.00,-0.34,2.41,OK,,1
41.18,23.86,16.90,3174,Wrangler,jeans,Regular Fit,7,Mexico,,Workwear,Relaxed,"belt loops,contrast stitching,fading",Denim,jeans,28.50,1.0,0.920,-0.02,-0.12,0.00,0.00,0.05,-0.09,6.96,TOO_LOW,,1
25.28,24.93,19.90,2876,Wrangler,jeans,stomper,9,,,Streetwear,Straight,"leather patch,contrast stitching,belt loops,zip fly",Denim,jeans,28.50,1.0,1.080,0.00,-0.12,-0.07,0.00,0.00,-0.19,5.03,OK,,1
74.03,20.71,11.90,2855,Wrangler,jeans,larston,7,Tunisia,,Vintage,Straight,"leather patch,contrast stitching,copper rivets,belt loops,cuffed",Denim,jeans,28.50,1.0,0.920,-0.02,-0.12,-0.07,0.00,0.00,-0.21,8.81,TOO_LOW,,1
67.57,28.32,16.90,3228,Wrangler,jeans,,7,Usa,,Workwear,Straight,"leather patch,brass rivets,belt loops,zip fly",Denim,jeans,28.50,1.0,0.920,0.20,-0.12,0.00,0.00,0.00,0.08,11.42,TOO_LOW,,1
38.90,30.42,21.90,2918,Wrangler,jeans,,7,Usa,,Vintage,Loose,"brass rivets,leather label,contrast stitching,fading",Denim,jeans,28.50,1.0,0.920,0.20,-0.12,-0.07,0.00,0.15,0.16,8.52,TOO_LOW,,1
113.37,70.20,32.90,298,Fubu,jeans,,9,,,Y2k,Regular,,,jeans,65.00,1.0,1.080,0.00,-0.12,0.12,0.00,0.00,0.00,37.30,TOO_LOW,,1
0.42,48.10,47.90,3009,Fubu,jeans,The Collection,4,Usa,90s,Streetwear,Baggy,"embroidered,decorative pockets,frayed,contrast stitching",Denim,jeans,65.00,1.0,0.500,0.20,0.03,0.05,0.00,0.20,0.48,0.20,OK,,1
-13.74,24.93,28.90,3211,Wrangler,jeans,,9,,,Vintage,Straight,"patchwork,leather label,contrast stitching,belt loops,coin pocket",Denim,jeans,28.50,1.0,1.080,0.00,-0.12,-0.07,0.00,0.00,-0.19,-3.97,OK,,1
-6.31,92.66,98.90,2769,Fubu,jeans,platinium,9,,2000s,Y2k,Baggy,"embroidered,fading,contrast stitching,belt loops,button fly",Denim,jeans,65.00,1.0,1.080,0.00,0.00,0.12,0.00,0.20,0.32,-6.24,OK,,1
-32.24,33.81,49.90,2205,G-Star Raw,jeans,,7,,90s,,Baggy,,Cotton,jeans,35.00,1.0,0.920,-0.18,0.03,0.00,0.00,0.20,0.05,-16.09,TOO_HIGH,,1
27.11,92.66,72.90,2961,G-Unit,jeans,,9,China,2000s,Y2k,Baggy,"embroidered,fading,brass rivets,belt loops,zip fly",Denim,jeans,65.00,1.0,1.080,0.00,0.00,0.12,0.00,0.20,0.32,19.76,OK,,1
-23.94,48.60,63.90,2969,Hugo Boss,pants,,9,Turkey,2000s,Modern,Baggy,"zip fly,belt loops",Cotton,pants_natural,45.00,1.0,1.080,-0.20,0.00,0.00,0.00,0.20,0.00,-15.30,OK,,1
-44.37,18.86,33.90,2091,Izac,polo,,9,,,,Regular,,Nylon,polo,18.00,1.0,1.080,0.02,-0.05,0.00,0.00,0.00,-0.03,-15.04,TOO_HIGH,,1
-34.65,17.58,26.90,1153,Izod,half-zip,,9,,,,,,,half_zip,18.50,1.0,1.080,0.00,-0.12,0.00,0.00,0.00,-0.12,-9.32,TOO_HIGH,,1
-19.51,26.48,32.90,3104,Wrangler,jeans,,7,,,Western,Baggy,"leather patch,contrast stitching,brass rivets,belt loops",Denim,jeans,28.50,1.0,0.920,0.00,-0.12,-0.07,0.00,0.20,0.01,-6.42,OK,,1
359.60,45.50,9.90,2690,Keegan,pants,,4,Italy,2010s,Workwear,Loose,,Cotton,pants_natural,65.00,1.0,0.500,0.13,0.00,0.12,0.00,0.15,0.40,35.60,TOO_LOW,,1
-12.61,10.40,11.90,2900,Wrangler,jeans,,4,Egypt,2000s,Streetwear,Athletic,"distressed,contrast stitching,belt loops,zip fly",Denim,jeans,28.50,1.0,0.500,-0.10,0.00,-0.07,0.00,-0.10,-0.27,-1.50,OK,,1
-11.51,26.46,29.90,1439,Lacoste,polo,,9,,,,,,,polo,35.00,1.0,1.080,-0.18,-0.12,0.00,0.00,0.00,-0.30,-3.44,OK,,1
22.97,25.70,20.90,2560,Wrangler,jeans,Texas Stretch,7,Morocco,2000s,Workwear,Straight,"fading,contrast stitching",Cotton,jeans,28.50,1.0,0.920,-0.02,0.00,0.00,0.00,0.00,-0.02,4.80,OK,,1
29.45,25.76,19.90,1097,Lee,jeans,,7,,,,Regular,,,jeans,28.00,1.0,0.920,0.00,0.00,0.00,0.00,0.00,0.00,5.86,OK,,1
60.00,30.24,18.90,1318,Lee,jeans,,9,,,,Regular,,,jeans,28.00,1.0,1.080,0.00,0.00,0.00,0.00,0.00,0.00,11.34,TOO_LOW,,1
12.54,31.40,27.90,3119,Wrangler,jeans,TEXAS,9,Pakistan,2000s,Western,Straight,"belt loops,zip fly,leather patch,waistband",Cotton,jeans,28.50,1.20,1.080,-0.08,0.00,-0.07,0.00,0.00,-0.15,3.50,OK,,1
-1.48,14.68,14.90,2922,Wrangler,jeans,,4,,2000s,Vintage,Bootcut,"contrast stitching,belt loops,coin pocket",Denim,jeans,28.50,1.0,0.500,0.00,0.00,-0.07,0.00,0.10,0.03,-0.22,OK,,1
36.20,24.38,17.90,2852,Wrangler,jeans,,7,,2000s,Western,Straight,"contrast stitching,leather patch,brass rivets,belt loops,coin pocket",Denim,jeans,28.50,1.0,0.920,0.00,0.00,-0.07,0.00,0.00,-0.07,6.48,TOO_LOW,,1
34.02,28.01,20.90,2873,Wrangler,jeans,Classic Straight,9,Mexico,2000s,Western,Straight,"contrast stitching,belt loops,zip fly,fading,leather patch",Cotton,jeans,28.50,1.0,1.080,-0.02,0.00,-0.07,0.00,0.00,-0.09,7.11,TOO_LOW,,1
-1.95,36.18,36.90,3220,Wrangler,jeans,TEXAS,7,,2000s,Workwear,Loose,"leather patch,belt loops,zip fly,brass rivets",Denim,jeans,28.50,1.20,0.920,0.00,0.00,0.00,0.00,0.15,0.15,-0.72,OK,,1
32.87,38.40,28.90,1559,Lee,jeans,,9,,90s,,Flare,,,jeans,28.00,1.0,1.080,0.00,0.15,0.00,0.00,0.12,0.27,9.50,TOO_LOW,,1
12.39,29.11,25.90,2555,Lee,jeans,,7,Mexico,,,Loose,,Denim,jeans,28.00,1.0,0.920,-0.02,0.00,0.00,0.00,0.15,0.13,3.21,OK,,1
7.25,28.85,26.90,2326,Lee,jeans,,7,,,Workwear,Regular,,Cotton,jeans,28.00,1.0,0.920,0.00,0.00,0.12,0.00,0.00,0.12,1.95,OK,,1
18.86,27.22,22.90,3001,Lee,jeans,flex motion,9,Bangladesh,,Modern,Straight,"belt loops,zip fly",Denim,jeans,28.00,1.0,1.080,-0.10,0.00,0.00,0.00,0.00,-0.10,4.32,OK,,1
62.49,37.21,22.90,3087,Lee,jeans,Powell,9,Bangladesh,2000s,Vintage,Straight,"leather patch,contrast stitching,fading,belt loops",Denim,jeans,28.00,1.15,1.080,-0.10,0.12,0.05,0.00,0.00,0.07,14.31,TOO_LOW,,1
56.68,35.88,22.90,2682,Lee,pants,,7,,2010s,Workwear,Loose,,Cotton,pants_natural,32.50,1.0,0.920,0.00,-0.07,0.12,0.00,0.15,0.20,12.98,TOO_LOW,,1
25.02,27.38,21.90,2524,Lee,pants,,9,Bangladesh,2020s,,Regular,,Cotton,pants_natural,32.50,1.0,1.080,-0.10,-0.12,0.00,0.00,0.00,-0.22,5.48,OK,,1
35.98,22.98,16.90,3106,Lee Cooper,jeans,,7,,70s,Vintage,Straight,"brass rivets,contrast stitching,leather patch,belt loops",Denim,jeans,22.50,1.0,0.920,0.00,0.06,0.05,0.00,0.00,0.11,6.08,TOO_LOW,,1
0.31,12.94,12.90,3214,Lee Cooper,jeans,,4,,2000s,Vintage,Bootcut,"belt loops,contrast stitching,fading,zip fly",Denim,jeans,22.50,1.0,0.500,0.00,0.00,0.05,0.00,0.10,0.15,0.04,OK,,1
40.75,28.01,19.90,3054,Wrangler,jeans,Texas Stretch,9,Mauritius,2000s,Streetwear,Straight,"belt loops,brass rivets,contrast stitching,fading,leather patch",Cotton,jeans,28.50,1.0,1.080,-0.02,0.00,-0.07,0.00,0.00,-0.09,8.11,TOO_LOW,,1
43.87,28.63,19.90,3124,Wrangler,jeans,,9,,2000s,Vintage,Straight,"leather patch,contrast stitching,belt loops,fading",Denim,jeans,28.50,1.0,1.080,0.00,0.00,-0.07,0.00,0.00,-0.07,8.73,TOO_LOW,,1
63.46,29.26,17.90,3252,Wrangler,jeans,TEXAS,7,Bangladesh,2000s,Vintage,Bootcut,"leather label,belt loops,zip fly,brass rivets",Denim,jeans,28.50,1.20,0.920,-0.10,0.00,-0.07,0.00,0.10,-0.07,11.36,TOO_LOW,,1
-12.88,12.11,13.90,3255,Wrangler,jeans,,4,Pakistan,2000s,Vintage,Straight,"contrast stitching,brass rivets,belt loops,coin pocket",Denim,jeans,28.50,1.0,0.500,-0.08,0.00,-0.07,0.00,0.00,-0.15,-1.79,OK,,1
-23.87,9.06,11.90,3245,Wrangler,jeans,Texas Stretch,2,Mauritius,2000s,Vintage,Loose,"leather patch,contrast stitching,belt loops,fading",Denim,jeans,28.50,1.0,0.300,-0.02,0.00,-0.07,0.00,0.15,0.06,-2.84,OK,,1
8.99,12.97,11.90,3079,Wrangler,jeans,Texas Stretch,4,Mauritius,2000s,Vintage,Straight,"fading,leather patch,belt loops,contrast stitching",Cotton,jeans,28.50,1.0,0.500,-0.02,0.00,-0.07,0.00,0.00,-0.09,1.07,OK,,1
-7.93,15.56,16.90,3059,Wrangler,jeans,TEXAS,4,Turkey,2000s,Vintage,Straight,"contrast stitching,leather patch,belt loops",Denim,jeans,28.50,1.20,0.500,-0.02,0.00,-0.07,0.00,0.00,-0.09,-1.34,OK,,1
-5.26,31.17,32.90,1395,Levi'S,jeans,,7,,,,Regular,,,jeans,38.50,1.0,0.920,0.00,-0.12,0.00,0.00,0.00,-0.12,-1.73,OK,,1
14.16,23.86,20.90,3133,Wrangler,jeans,Texas Stretch,7,Turkey,2000s,Vintage,Straight,"belt loops,contrast stitching,leather patch,zip fly",Denim,jeans,28.50,1.0,0.920,-0.02,0.00,-0.07,0.00,0.00,-0.09,2.96,OK,,1
13.25,19.14,16.90,2639,Wrangler,jeans,Texas Stretch,7,Pakistan,2010s,,Straight,"Texas Stretch model,99% Cotton 1% Elastane blend,W signature back pocket design",Cotton,jeans,28.50,1.0,0.920,-0.08,-0.07,-0.12,0.00,0.00,-0.27,2.24,OK,,1
-8.05,31.17,33.90,1409,Levi'S,jeans,,7,,,,Regular,,,jeans,38.50,1.0,0.920,0.00,-0.12,0.00,0.00,0.00,-0.12,-2.73,OK,,1
-18.51,36.59,44.90,1574,Levi'S,jeans,,9,,,,Regular,,,jeans,38.50,1.0,1.080,0.00,-0.12,0.00,0.00,0.00,-0.12,-8.31,OK,,1
30.90,36.52,27.90,2476,Wrangler,jeans,936CHG,9,Usa,2010s,Workwear,Regular,,Denim,jeans,28.50,1.05,1.080,0.20,-0.07,0.00,0.00,0.00,0.13,8.62,TOO_LOW,,1
8.95,23.86,21.90,2043,Levi'S,shirt,,7,,80s,,,,,shirt_natural,28.50,1.0,0.920,0.00,0.03,-0.12,0.00,0.00,-0.09,1.96,OK,,1
74.13,31.17,17.90,1133,Levi'S,jeans,,7,,,,Regular,,,jeans,38.50,1.0,0.920,0.00,-0.12,0.00,0.00,0.00,-0.12,13.27,TOO_LOW,,1
0.24,16.94,16.90,1398,Levi'S,jeans,,4,,,,Regular,,,jeans,38.50,1.0,0.500,0.00,-0.12,0.00,0.00,0.00,-0.12,0.04,OK,,1
-43.34,16.94,29.90,1319,Levi'S,jeans,,4,,,,Regular,,,jeans,38.50,1.0,0.500,0.00,-0.12,0.00,0.00,0.00,-0.12,-12.96,TOO_HIGH,,1
-10.37,16.94,18.90,1507,Levi'S,jeans,,4,,,,Regular,,,jeans,38.50,1.0,0.500,0.00,-0.12,0.00,0.00,0.00,-0.12,-1.96,OK,,1
,,51.90,1363,Levi'S,jacket,,9,,,,,,Denim,jacket_denim,,1.0,1.0,0.0,0.0,0.0,0.0,0.0,0.0,,NO_BRAND_GROUP,No BrandGroup for Levi'S + jacket_denim,1
93.60,36.59,18.90,1244,Levi'S,jeans,,9,,,,Regular,,,jeans,38.50,1.0,1.080,0.00,-0.12,0.00,0.00,0.00,-0.12,17.69,TOO_LOW,,1
156.29,40.75,15.90,563,Levi'S,jeans,,9,,,,Bootcut,,,jeans,38.50,1.0,1.080,0.00,-0.12,0.00,0.00,0.10,-0.02,24.85,TOO_LOW,,1
94.98,40.75,20.90,1034,Levi'S,jeans,,9,,,,Bootcut,,,jeans,38.50,1.0,1.080,0.00,-0.12,0.00,0.00,0.10,-0.02,19.85,TOO_LOW,,1
43.33,27.09,18.90,2243,Levi'S,shirt,,9,,,Workwear,Regular,contrast stitching,Denim,shirt_natural,28.50,1.0,1.080,0.00,-0.12,0.00,0.00,0.00,-0.12,8.19,TOO_LOW,,1
4.76,41.80,39.90,2826,Levi'S,jeans,551-Z Premium,7,Japan,,Vintage,Relaxed,"leather patch,zip fly,contrast stitching,belt loops,copper rivets,red tab,chain stitching",Denim,jeans,38.50,1.0,0.920,0.20,-0.12,0.05,0.00,0.05,0.18,1.90,OK,,1
33.52,150.74,112.90,2891,Momotaro,jeans,selvedge,7,Japan,2010s,Japanese streetwear,Straight,"leather patch,copper rivets,contrast stitching,cuffed,selvedge",Denim,jeans,145.00,1.0,0.920,0.00,-0.07,0.20,0.00,0.00,0.13,37.84,TOO_LOW,,1
76.03,36.79,20.90,2761,Outback,jeans,OB101,7,India,2000s,Streetwear,Baggy,"contrast stitching,leather patch,belt loops,zip fly",Denim,jeans,28.50,1.15,0.920,-0.03,0.00,0.05,0.00,0.20,0.22,15.89,TOO_LOW,,1
-61.07,23.32,59.90,3111,Pure Oxygen,jeans,,7,,2000s,Y2k,Baggy,"contrast stitching,distressed,fading,decorative pockets,paneled",Denim,jeans,18.50,1.0,0.920,0.05,0.00,0.12,0.00,0.20,0.37,-36.58,TOO_HIGH,,1
37.52,52.12,37.90,1880,Rocawear,jeans,,7,,,,Baggy,,,jeans,55.00,1.0,0.920,0.00,-0.12,-0.05,0.00,0.20,0.03,14.22,TOO_LOW,,1
26.82,58.21,45.90,1820,Rocawear,jeans,,9,,90s,,Regular,,,jeans,55.00,1.0,1.080,0.00,0.03,-0.05,0.00,0.00,-0.02,12.31,OK,,1
-17.05,28.12,33.90,2686,Sean John,pants,,4,China,90s,Workwear,Baggy,,Denim,pants_natural,45.00,1.0,0.500,-0.05,0.03,0.07,0.00,0.20,0.25,-5.78,OK,,1
33.40,101.25,75.90,2657,Sohk,jeans,,9,Brunei,90s,Workwear,Baggy,,Denim,jeans,75.00,1.0,1.080,-0.10,0.03,0.12,0.00,0.20,0.25,25.35,TOO_LOW,,1
-5.69,46.12,48.90,2858,South Pole,shorts,,9,Pakistan,2000s,Streetwear,Baggy,"embroidered,contrast stitching,brass rivets,belt loops",Denim,shorts,35.00,1.0,1.080,-0.03,0.00,0.05,0.00,0.20,0.22,-2.78,OK,,1
97.97,71.07,35.90,1387,Starter,jacket,,7,,90s,,,,,jacket_natural,75.00,1.0,0.920,0.00,0.03,0.00,0.00,0.00,0.03,35.17,TOO_LOW,,1
-62.15,23.81,62.90,973,Stuka,jeans,,9,,,,Baggy,,,jeans,24.50,1.0,1.080,-0.18,-0.12,0.00,0.00,0.20,-0.10,-39.09,TOO_HIGH,,1
-60.82,27.78,70.90,1838,Stuka,jeans,,9,,90s,,Baggy,,,jeans,24.50,1.0,1.080,-0.18,0.03,0.00,0.00,0.20,0.05,-43.12,TOO_HIGH,,1
-52.28,23.81,49.90,970,Stuka,jeans,,9,,,,Baggy,,,jeans,24.50,1.0,1.080,-0.18,-0.12,0.00,0.00,0.20,-0.10,-26.09,TOO_HIGH,,1
-51.31,23.81,48.90,971,Stuka,jeans,,9,,,,Baggy,,,jeans,24.50,1.0,1.080,-0.18,-0.12,0.00,0.00,0.20,-0.10,-25.09,TOO_HIGH,,1
-43.19,27.78,48.90,890,Stuka,jeans,,9,,90s,,Baggy,,,jeans,24.50,1.0,1.080,-0.18,0.03,0.00,0.00,0.20,0.05,-21.12,TOO_HIGH,,1
-45.42,27.78,50.90,1121,Stuka,jeans,,9,,90s,,Baggy,,,jeans,24.50,1.0,1.080,-0.18,0.03,0.00,0.00,0.20,0.05,-23.12,TOO_HIGH,,1
-57.85,27.78,65.90,1839,Stuka,jeans,,9,,90s,,Baggy,,,jeans,24.50,1.0,1.080,-0.18,0.03,0.00,0.00,0.20,0.05,-38.12,TOO_HIGH,,1
-50.29,23.81,47.90,1055,Stuka,jeans,,9,,,,Baggy,,,jeans,24.50,1.0,1.080,-0.18,-0.12,0.00,0.00,0.20,-0.10,-24.09,TOO_HIGH,,1
66.57,59.80,35.90,2867,Tela Genova,jeans,selvedge,7,Italy,,Vintage,Straight,"contrast stitching,cuffed,leather patch,selvedge",Denim,jeans,65.00,1.0,0.920,0.00,-0.05,0.05,0.00,0.00,0.00,23.90,TOO_LOW,,1
30.20,38.93,29.90,1311,Tommy Hilfiger,half-zip,,9,,90s,,,,,half_zip,35.00,1.0,1.080,0.00,0.03,0.00,0.00,0.00,0.03,9.03,TOO_LOW,,1
-32.20,10.78,15.90,2037,Tommy Hilfiger,shirt,,4,,,,,,,shirt_natural,24.50,1.0,0.500,0.00,-0.12,0.00,0.00,0.00,-0.12,-5.12,TOO_HIGH,,1
-0.30,19.84,19.90,2038,Tommy Hilfiger,shirt,,7,,,,,,,shirt_natural,24.50,1.0,0.920,0.00,-0.12,0.00,0.00,0.00,-0.12,-0.06,OK,,1
77.10,67.12,37.90,2113,True Religion,jeans,,9,,90s,,Bootcut,,Denim,jeans,55.00,1.0,1.080,0.00,0.03,0.00,0.00,0.10,0.13,29.22,TOO_LOW,,1
77.10,67.12,37.90,2121,True Religion,jeans,,9,,90s,,Bootcut,,Denim,jeans,55.00,1.0,1.080,0.00,0.03,0.00,0.00,0.10,0.13,29.22,TOO_LOW,,1
77.10,67.12,37.90,2125,True Religion,jeans,,9,,90s,,Bootcut,,Denim,jeans,55.00,1.0,1.080,0.00,0.03,0.00,0.00,0.10,0.13,29.22,TOO_LOW,,1
56.46,67.12,42.90,2166,True Religion,jeans,,9,,90s,,Bootcut,,Denim,jeans,55.00,1.0,1.080,0.00,0.03,0.00,0.00,0.10,0.13,24.22,TOO_LOW,,1
77.10,67.12,37.90,2178,True Religion,jeans,,9,,90s,,Bootcut,,Denim,jeans,55.00,1.0,1.080,0.00,0.03,0.00,0.00,0.10,0.13,29.22,TOO_LOW,,1
60.33,62.37,38.90,2479,True Religion,jeans,becca mid rise,9,Pakistan,90s,,Bootcut,,Denim,jeans,55.00,1.0,1.080,-0.08,0.03,0.00,0.00,0.10,0.05,23.47,TOO_LOW,,1
42.35,65.34,45.90,2553,True Religion,jeans,becca mid rise,9,Pakistan,90s,Streetwear,Bootcut,,Denim,jeans,55.00,1.0,1.080,-0.08,0.03,0.05,0.00,0.10,0.10,19.44,TOO_LOW,,1
77.07,65.34,36.90,2040,True Religion,jeans,,9,,,Y2k,Bootcut,,,jeans,55.00,1.0,1.080,0.00,-0.12,0.12,0.00,0.10,0.10,28.44,TOO_LOW,,1
77.07,65.34,36.90,2041,True Religion,jeans,,9,,,Y2k,Bootcut,,,jeans,55.00,1.0,1.080,0.00,-0.12,0.12,0.00,0.10,0.10,28.44,TOO_LOW,,1
72.40,65.34,37.90,2052,True Religion,jeans,,9,,,Y2k,Bootcut,,,jeans,55.00,1.0,1.080,0.00,-0.12,0.12,0.00,0.10,0.10,27.44,TOO_LOW,,1
82.01,65.34,35.90,1943,True Religion,jeans,,9,,,Y2k,Bootcut,,,jeans,55.00,1.0,1.080,0.00,-0.12,0.12,0.00,0.10,0.10,29.44,TOO_LOW,,1
82.01,65.34,35.90,1969,True Religion,jeans,,9,,,Y2k,Bootcut,,,jeans,55.00,1.0,1.080,0.00,-0.12,0.12,0.00,0.10,0.10,29.44,TOO_LOW,,1
12.71,14.54,12.90,3105,Wrangler,jeans,,4,India,2000s,Y2k,Bootcut,"contrast stitching,leather patch,belt loops,embroidered",Cotton,jeans,28.50,1.0,0.500,-0.08,0.00,0.00,0.00,0.10,0.02,1.64,OK,,1
115.56,36.43,16.90,3100,Wonderful,pants,,7,,,Vintage,Loose,"leather patch,belt loops",Cotton,pants_natural,45.00,1.0,0.920,-0.20,-0.12,0.05,0.00,0.15,-0.12,19.53,TOO_LOW,,1
-6.06,23.39,24.90,1560,Wrangler,jeans,,9,,,,Regular,,,jeans,28.50,1.0,1.080,0.00,-0.12,-0.12,0.00,0.00,-0.24,-1.51,OK,,1
11.91,23.39,20.90,1284,Wrangler,jeans,,9,,,,Regular,,,jeans,28.50,1.0,1.080,0.00,-0.12,-0.12,0.00,0.00,-0.24,2.49,OK,,1
23.76,23.39,18.90,1147,Wrangler,jeans,,9,,,,Regular,,,jeans,28.50,1.0,1.080,0.00,-0.12,-0.12,0.00,0.00,-0.24,4.49,OK,,1
386.67,121.18,24.90,2861,2pac,jeans,,9,,2000s,Y2k,Baggy,"embroidered,contrast stitching,decorative pockets,belt loops",Cotton,jeans,85.00,1.0,1.080,0.00,0.00,0.12,0.00,0.20,0.32,96.28,TOO_LOW,,1
10.38,23.07,20.90,1463,Wrangler,jeans,,7,,,Workwear,Regular,,,jeans,28.50,1.0,0.920,0.00,-0.12,0.00,0.00,0.00,-0.12,2.17,OK,,1
13.35,27.09,23.90,1474,Wrangler,jeans,,9,,,Workwear,Regular,,,jeans,28.50,1.0,1.080,0.00,-0.12,0.00,0.00,0.00,-0.12,3.19,OK,,1
36.51,23.07,16.90,1475,Wrangler,jeans,,7,,,Workwear,Regular,,,jeans,28.50,1.0,0.920,0.00,-0.12,0.00,0.00,0.00,-0.12,6.17,TOO_LOW,,1
26.48,25.17,19.90,3188,Wrangler,jeans,,7,,90s,Vintage,Straight,"leather patch,belt loops,fading,contrast stitching",Denim,jeans,28.50,1.0,0.920,0.00,0.03,-0.07,0.00,0.00,-0.04,5.27,OK,,1
20.00,22.68,18.90,2688,Wrangler,pants,chino,9,Pakistan,,Workwear,Slim,,Cotton,pants_natural,35.00,1.0,1.080,-0.08,-0.12,0.00,0.00,-0.20,-0.40,3.78,OK,,1
-10.18,29.55,32.90,2544,Wrangler,jeans,TEXAS,9,Pakistan,,Workwear,Regular,,Denim,jeans,28.50,1.20,1.080,-0.08,-0.12,0.00,0.00,0.00,-0.20,-3.35,OK,,1
-31.26,13.68,19.90,3216,Wrangler,jeans,rugged wear,4,,,Streetwear,Loose,"patchwork,zipper detail,color block,custom design,fading,leather patch",Denim,jeans,28.50,1.0,0.500,0.00,-0.12,-0.07,0.00,0.15,-0.04,-6.22,TOO_HIGH,,1
16.70,40.73,34.90,1194,Levi'S,jeans,,7,,90s,,Flare,,,jeans,38.50,1.0,0.920,0.00,0.03,0.00,0.00,0.12,0.15,5.83,OK,,1
82.86,36.39,19.90,2518,Wrangler,pants,,7,Usa,2010s,Workwear,Regular,,Cotton,pants_natural,35.00,1.0,0.920,0.20,-0.07,0.00,0.00,0.00,0.13,16.49,TOO_LOW,,1
31.76,15.68,11.90,3225,Wrangler,jeans,,4,,2000s,Y2k,Bootcut,"contrast stitching,embroidered,fading",Denim,jeans,28.50,1.0,0.500,0.00,0.00,0.00,0.00,0.10,0.10,3.78,TOO_LOW,,1
35.73,27.01,19.90,3051,Wrangler,jeans,Texas Stretch,7,,2000s,Western,Bootcut,"leather patch,contrast stitching,belt loops,fading",Denim,jeans,28.50,1.0,0.920,0.00,0.00,-0.07,0.00,0.10,0.03,7.11,TOO_LOW,,1
5.55,31.56,29.90,2572,Wrangler,cargo-pants,authentics,7,Bangladesh,2010s,Workwear,Loose,,Cotton,pants_natural,35.00,1.0,0.920,-0.10,-0.07,0.00,0.00,0.15,-0.02,1.66,OK,,1
